cart_company,cart_name,cart_address,cart_postal,cart_city,cart_country,cart_state,cart_phone,cart_email,cart_comment,cart_s_company,cart_s_name,cart_s_address,cart_s_postal,cart_s_city,cart_s_country,cart_s_state,cart_s_phone,cart_s_email,cart_s_comment
test company 1,test user 1,test address 1,111111,test city 1,IN,IN_WB,111111111,test1@email.com,test comment 1,test S company 1,test S user 1,test S address 1,999999,test S city 1,IN,IN_WB,999999999,testS1@email.com,test S comment 1
test company 2,test user 2,test address 2,111112,test city 2,IN,IN_WB,111111112,test2@email.com,test comment 2,,,,,,,,,,
test company 3,test user 3,test address 3,111113,test city 3,IN,IN_WB,111111113,test3@email.com,test comment 3,test S company 3,test S user 3,test S address 3,1000001,test S city 3,IN,IN_WB,1000000001,testS3@email.com,test S comment 3
test company 4,test user 4,test address 4,111114,test city 4,IN,IN_WB,111111114,test4@email.com,test comment 4,,,,,,,,,,
test company 5,test user 5,test address 5,111115,test city 5,IN,IN_WB,111111115,test5@email.com,test comment 5,test S company 5,test S user 5,test S address 5,1000003,test S city 5,IN,IN_WB,1000000003,testS5@email.com,test S comment 5
test company 6,test user 6,test address 6,111116,test city 6,IN,IN_WB,111111116,test6@email.com,test comment 6,,,,,,,,,,
test company 7,test user 7,test address 7,111117,test city 7,IN,IN_WB,111111117,test7@email.com,test comment 7,test S company 7,test S user 7,test S address 7,1000005,test S city 7,IN,IN_WB,1000000005,testS7@email.com,test S comment 7
test company 8,test user 8,test address 8,111118,test city 8,IN,IN_WB,111111118,test8@email.com,test comment 8,,,,,,,,,,
test company 9,test user 9,test address 9,111119,test city 9,IN,IN_WB,111111119,test9@email.com,test comment 9,test S company 9,test S user 9,test S address 9,1000007,test S city 9,IN,IN_WB,1000000007,testS9@email.com,test S comment 9
test company 10,test user 10,test address 10,111120,test city 10,IN,IN_WB,111111120,test10@email.com,test comment 10,,,,,,,,,,
test company 11,test user 11,test address 11,111121,test city 11,IN,IN_WB,111111121,test11@email.com,test comment 11,,,,,,,,,,
test company 12,test user 12,test address 12,111122,test city 12,IN,IN_WB,111111122,test12@email.com,test comment 12,test S company 12,test S user 12,test S address 12,1000010,test S city 12,IN,IN_WB,1000000010,testS12@email.com,test S comment 12
test company 13,test user 13,test address 13,111123,test city 13,IN,IN_WB,111111123,test13@email.com,test comment 13,,,,,,,,,,
test company 14,test user 14,test address 14,111124,test city 14,IN,IN_WB,111111124,test14@email.com,test comment 14,test S company 14,test S user 14,test S address 14,1000012,test S city 14,IN,IN_WB,1000000012,testS14@email.com,test S comment 14
test company 15,test user 15,test address 15,111125,test city 15,IN,IN_WB,111111125,test15@email.com,test comment 15,,,,,,,,,,
test company 16,test user 16,test address 16,111126,test city 16,IN,IN_WB,111111126,test16@email.com,test comment 16,test S company 16,test S user 16,test S address 16,1000014,test S city 16,IN,IN_WB,1000000014,testS16@email.com,test S comment 16
test company 17,test user 17,test address 17,111127,test city 17,IN,IN_WB,111111127,test17@email.com,test comment 17,,,,,,,,,,
test company 18,test user 18,test address 18,111128,test city 18,IN,IN_WB,111111128,test18@email.com,test comment 18,test S company 18,test S user 18,test S address 18,1000016,test S city 18,IN,IN_WB,1000000016,testS18@email.com,test S comment 18
test company 19,test user 19,test address 19,111129,test city 19,IN,IN_WB,111111129,test19@email.com,test comment 19,,,,,,,,,,
test company 20,test user 20,test address 20,111130,test city 20,IN,IN_WB,111111130,test20@email.com,test comment 20,test S company 20,test S user 20,test S address 20,1000018,test S city 20,IN,IN_WB,1000000018,testS20@email.com,test S comment 20
test company 21,test user 21,test address 21,111131,test city 21,IN,IN_WB,111111131,test21@email.com,test comment 21,,,,,,,,,,
test company 22,test user 22,test address 22,111132,test city 22,IN,IN_WB,111111132,test22@email.com,test comment 22,test S company 22,test S user 22,test S address 22,1000020,test S city 22,IN,IN_WB,1000000020,testS22@email.com,test S comment 22
test company 23,test user 23,test address 23,111133,test city 23,IN,IN_WB,111111133,test23@email.com,test comment 23,,,,,,,,,,
test company 24,test user 24,test address 24,111134,test city 24,IN,IN_WB,111111134,test24@email.com,test comment 24,test S company 24,test S user 24,test S address 24,1000022,test S city 24,IN,IN_WB,1000000022,testS24@email.com,test S comment 24
test company 25,test user 25,test address 25,111135,test city 25,IN,IN_WB,111111135,test25@email.com,test comment 25,,,,,,,,,,
